id,token_id,score,label,reason,updated_at
1,AITK,30.06,Suspicious,Daily analysis: 173 posts detected.,2025-01-01
2,NEURA,33.54,Suspicious,Daily analysis: 158 posts detected.,2025-01-01
3,BLOC,33.53,Suspicious,Daily analysis: 170 posts detected.,2025-01-01
4,OMNI,33.15,Suspicious,Daily analysis: 181 posts detected.,2025-01-01
5,XCY,32.73,Suspicious,Daily analysis: 165 posts detected.,2025-01-01
6,TAO,36.6,Suspicious,Daily analysis: 153 posts detected.,2025-01-01
7,RNDR,34.66,Suspicious,Daily analysis: 176 posts detected.,2025-01-01
8,AITK,30.77,Suspicious,Daily analysis: 169 posts detected.,2025-01-02
9,NEURA,29.09,Safe,Daily analysis: 165 posts detected.,2025-01-02
10,BLOC,33.76,Suspicious,Daily analysis: 157 posts detected.,2025-01-02
11,OMNI,32.5,Suspicious,Daily analysis: 160 posts detected.,2025-01-02
12,XCY,26.58,Safe,Daily analysis: 158 posts detected.,2025-01-02
13,TAO,33.76,Suspicious,Daily analysis: 157 posts detected.,2025-01-02
14,RNDR,35.81,Suspicious,Daily analysis: 148 posts detected.,2025-01-02
15,AITK,34.46,Suspicious,Daily analysis: 148 posts detected.,2025-01-03
16,NEURA,33.77,Suspicious,Daily analysis: 151 posts detected.,2025-01-03
17,BLOC,36.88,Suspicious,Daily analysis: 160 posts detected.,2025-01-03
18,OMNI,34.68,Suspicious,Daily analysis: 173 posts detected.,2025-01-03
19,XCY,37.16,Suspicious,Daily analysis: 148 posts detected.,2025-01-03
20,TAO,28.75,Safe,Daily analysis: 160 posts detected.,2025-01-03
21,RNDR,29.41,Safe,Daily analysis: 136 posts detected.,2025-01-03
22,AITK,31.21,Suspicious,Daily analysis: 157 posts detected.,2025-01-04
23,NEURA,36.09,Suspicious,Daily analysis: 169 posts detected.,2025-01-04
24,BLOC,39.02,Suspicious,Daily analysis: 164 posts detected.,2025-01-04
25,OMNI,34.81,Suspicious,Daily analysis: 181 posts detected.,2025-01-04
26,XCY,36.5,Suspicious,Daily analysis: 137 posts detected.,2025-01-04
27,TAO,30.52,Suspicious,Daily analysis: 154 posts detected.,2025-01-04
28,RNDR,36.47,Suspicious,Daily analysis: 170 posts detected.,2025-01-04
29,AITK,36.09,Suspicious,Daily analysis: 169 posts detected.,2025-01-05
30,NEURA,33.1,Suspicious,Daily analysis: 142 posts detected.,2025-01-05
31,BLOC,30.49,Suspicious,Daily analysis: 164 posts detected.,2025-01-05
32,OMNI,37.5,Suspicious,Daily analysis: 168 posts detected.,2025-01-05
33,XCY,35.33,Suspicious,Daily analysis: 150 posts detected.,2025-01-05
34,TAO,31.58,Suspicious,Daily analysis: 171 posts detected.,2025-01-05
35,RNDR,37.57,Suspicious,Daily analysis: 173 posts detected.,2025-01-05
36,AITK,30.88,Suspicious,Daily analysis: 136 posts detected.,2025-01-06
37,NEURA,31.94,Suspicious,Daily analysis: 144 posts detected.,2025-01-06
38,BLOC,37.11,Suspicious,Daily analysis: 159 posts detected.,2025-01-06
39,OMNI,31.17,Suspicious,Daily analysis: 154 posts detected.,2025-01-06
40,XCY,31.61,Suspicious,Daily analysis: 155 posts detected.,2025-01-06
41,TAO,35.86,Suspicious,Daily analysis: 145 posts detected.,2025-01-06
42,RNDR,33.75,Suspicious,Daily analysis: 160 posts detected.,2025-01-06
43,AITK,32.37,Suspicious,Daily analysis: 173 posts detected.,2025-01-07
44,NEURA,38.56,Suspicious,Daily analysis: 153 posts detected.,2025-01-07
45,BLOC,34.86,Suspicious,Daily analysis: 175 posts detected.,2025-01-07
46,OMNI,36.11,Suspicious,Daily analysis: 144 posts detected.,2025-01-07
47,XCY,38.18,Suspicious,Daily analysis: 165 posts detected.,2025-01-07
48,TAO,33.12,Suspicious,Daily analysis: 157 posts detected.,2025-01-07
49,RNDR,34.32,Suspicious,Daily analysis: 169 posts detected.,2025-01-07
50,AITK,28.48,Safe,Daily analysis: 158 posts detected.,2025-01-08
51,NEURA,36.81,Suspicious,Daily analysis: 182 posts detected.,2025-01-08
52,BLOC,40.67,Suspicious,Daily analysis: 150 posts detected.,2025-01-08
53,OMNI,32.17,Suspicious,Daily analysis: 143 posts detected.,2025-01-08
54,XCY,37.18,Suspicious,Daily analysis: 156 posts detected.,2025-01-08
55,TAO,37.35,Suspicious,Daily analysis: 166 posts detected.,2025-01-08
56,RNDR,28.67,Safe,Daily analysis: 143 posts detected.,2025-01-08
57,AITK,32.43,Suspicious,Daily analysis: 148 posts detected.,2025-01-09
58,NEURA,30.43,Suspicious,Daily analysis: 184 posts detected.,2025-01-09
59,BLOC,32.61,Suspicious,Daily analysis: 138 posts detected.,2025-01-09
60,OMNI,33.79,Suspicious,Daily analysis: 145 posts detected.,2025-01-09
61,XCY,36.0,Suspicious,Daily analysis: 150 posts detected.,2025-01-09
62,TAO,33.54,Suspicious,Daily analysis: 158 posts detected.,2025-01-09
63,RNDR,35.57,Suspicious,Daily analysis: 149 posts detected.,2025-01-09
64,AITK,35.59,Suspicious,Daily analysis: 177 posts detected.,2025-01-10
65,NEURA,36.2,Suspicious,Daily analysis: 163 posts detected.,2025-01-10
66,BLOC,38.46,Suspicious,Daily analysis: 143 posts detected.,2025-01-10
67,OMNI,36.91,Suspicious,Daily analysis: 149 posts detected.,2025-01-10
68,XCY,32.96,Suspicious,Daily analysis: 179 posts detected.,2025-01-10
69,TAO,33.33,Suspicious,Daily analysis: 153 posts detected.,2025-01-10
70,RNDR,31.71,Suspicious,Daily analysis: 164 posts detected.,2025-01-10
71,AITK,29.76,Safe,Daily analysis: 168 posts detected.,2025-01-11
72,NEURA,42.01,Suspicious,Daily analysis: 169 posts detected.,2025-01-11
73,BLOC,33.13,Suspicious,Daily analysis: 163 posts detected.,2025-01-11
74,OMNI,22.99,Safe,Daily analysis: 174 posts detected.,2025-01-11
75,XCY,31.74,Suspicious,Daily analysis: 167 posts detected.,2025-01-11
76,TAO,32.62,Suspicious,Daily analysis: 141 posts detected.,2025-01-11
77,RNDR,23.49,Safe,Daily analysis: 149 posts detected.,2025-01-11
78,AITK,31.97,Suspicious,Daily analysis: 147 posts detected.,2025-01-12
79,NEURA,33.76,Suspicious,Daily analysis: 157 posts detected.,2025-01-12
80,BLOC,38.69,Suspicious,Daily analysis: 199 posts detected.,2025-01-12
81,OMNI,31.67,Suspicious,Daily analysis: 180 posts detected.,2025-01-12
82,XCY,35.85,Suspicious,Daily analysis: 159 posts detected.,2025-01-12
83,TAO,30.95,Suspicious,Daily analysis: 168 posts detected.,2025-01-12
84,RNDR,29.71,Safe,Daily analysis: 175 posts detected.,2025-01-12
85,AITK,30.67,Suspicious,Daily analysis: 150 posts detected.,2025-01-13
86,NEURA,34.69,Suspicious,Daily analysis: 147 posts detected.,2025-01-13
87,BLOC,37.18,Suspicious,Daily analysis: 156 posts detected.,2025-01-13
88,OMNI,27.66,Safe,Daily analysis: 188 posts detected.,2025-01-13
89,XCY,35.92,Suspicious,Daily analysis: 142 posts detected.,2025-01-13
90,TAO,36.88,Suspicious,Daily analysis: 141 posts detected.,2025-01-13
91,RNDR,35.47,Suspicious,Daily analysis: 172 posts detected.,2025-01-13
92,AITK,26.32,Safe,Daily analysis: 152 posts detected.,2025-01-14
93,NEURA,42.48,Suspicious,Daily analysis: 153 posts detected.,2025-01-14
94,BLOC,31.82,Suspicious,Daily analysis: 154 posts detected.,2025-01-14
95,OMNI,32.76,Suspicious,Daily analysis: 174 posts detected.,2025-01-14
96,XCY,34.51,Suspicious,Daily analysis: 142 posts detected.,2025-01-14
97,TAO,33.73,Suspicious,Daily analysis: 169 posts detected.,2025-01-14
98,RNDR,45.52,Suspicious,Daily analysis: 145 posts detected.,2025-01-14
99,AITK,33.11,Suspicious,Daily analysis: 151 posts detected.,2025-01-15
100,NEURA,30.77,Suspicious,Daily analysis: 156 posts detected.,2025-01-15
101,BLOC,38.27,Suspicious,Daily analysis: 162 posts detected.,2025-01-15
102,OMNI,25.58,Safe,Daily analysis: 172 posts detected.,2025-01-15
103,XCY,30.73,Suspicious,Daily analysis: 179 posts detected.,2025-01-15
104,TAO,34.36,Suspicious,Daily analysis: 163 posts detected.,2025-01-15
105,RNDR,40.13,Suspicious,Daily analysis: 157 posts detected.,2025-01-15
106,AITK,32.48,Suspicious,Daily analysis: 157 posts detected.,2025-01-16
107,NEURA,33.1,Suspicious,Daily analysis: 145 posts detected.,2025-01-16
108,BLOC,35.47,Suspicious,Daily analysis: 172 posts detected.,2025-01-16
109,OMNI,34.88,Suspicious,Daily analysis: 172 posts detected.,2025-01-16
110,XCY,29.33,Safe,Daily analysis: 150 posts detected.,2025-01-16
111,TAO,28.75,Safe,Daily analysis: 160 posts detected.,2025-01-16
112,RNDR,40.13,Suspicious,Daily analysis: 152 posts detected.,2025-01-16
113,AITK,28.83,Safe,Daily analysis: 163 posts detected.,2025-01-17
114,NEURA,33.53,Suspicious,Daily analysis: 170 posts detected.,2025-01-17
115,BLOC,28.65,Safe,Daily analysis: 171 posts detected.,2025-01-17
116,OMNI,37.42,Suspicious,Daily analysis: 163 posts detected.,2025-01-17
117,XCY,32.52,Suspicious,Daily analysis: 163 posts detected.,2025-01-17
118,TAO,37.58,Suspicious,Daily analysis: 157 posts detected.,2025-01-17
119,RNDR,28.92,Safe,Daily analysis: 166 posts detected.,2025-01-17
120,AITK,37.89,Suspicious,Daily analysis: 161 posts detected.,2025-01-18
121,NEURA,40.0,Suspicious,Daily analysis: 160 posts detected.,2025-01-18
122,BLOC,33.57,Suspicious,Daily analysis: 140 posts detected.,2025-01-18
123,OMNI,32.7,Suspicious,Daily analysis: 159 posts detected.,2025-01-18
124,XCY,32.43,Suspicious,Daily analysis: 148 posts detected.,2025-01-18
125,TAO,32.19,Suspicious,Daily analysis: 146 posts detected.,2025-01-18
126,RNDR,33.54,Suspicious,Daily analysis: 164 posts detected.,2025-01-18
127,AITK,32.73,Suspicious,Daily analysis: 165 posts detected.,2025-01-19
128,NEURA,37.42,Suspicious,Daily analysis: 155 posts detected.,2025-01-19
129,BLOC,39.58,Suspicious,Daily analysis: 144 posts detected.,2025-01-19
130,OMNI,35.93,Suspicious,Daily analysis: 167 posts detected.,2025-01-19
131,XCY,36.36,Suspicious,Daily analysis: 143 posts detected.,2025-01-19
132,TAO,31.65,Suspicious,Daily analysis: 158 posts detected.,2025-01-19
133,RNDR,33.12,Suspicious,Daily analysis: 157 posts detected.,2025-01-19
134,AITK,35.53,Suspicious,Daily analysis: 152 posts detected.,2025-01-20
135,NEURA,35.5,Suspicious,Daily analysis: 169 posts detected.,2025-01-20
136,BLOC,30.22,Suspicious,Daily analysis: 182 posts detected.,2025-01-20
137,OMNI,29.52,Safe,Daily analysis: 166 posts detected.,2025-01-20
138,XCY,26.9,Safe,Daily analysis: 171 posts detected.,2025-01-20
139,TAO,32.14,Suspicious,Daily analysis: 140 posts detected.,2025-01-20
140,RNDR,31.79,Suspicious,Daily analysis: 173 posts detected.,2025-01-20
141,AITK,36.21,Suspicious,Daily analysis: 174 posts detected.,2025-01-21
142,NEURA,36.49,Suspicious,Daily analysis: 148 posts detected.,2025-01-21
143,BLOC,42.54,Suspicious,Daily analysis: 134 posts detected.,2025-01-21
144,OMNI,28.26,Safe,Daily analysis: 184 posts detected.,2025-01-21
145,XCY,35.87,Suspicious,Daily analysis: 184 posts detected.,2025-01-21
146,TAO,29.22,Safe,Daily analysis: 154 posts detected.,2025-01-21
147,RNDR,36.65,Suspicious,Daily analysis: 161 posts detected.,2025-01-21
148,AITK,39.31,Suspicious,Daily analysis: 145 posts detected.,2025-01-22
149,NEURA,31.37,Suspicious,Daily analysis: 153 posts detected.,2025-01-22
150,BLOC,35.62,Suspicious,Daily analysis: 160 posts detected.,2025-01-22
151,OMNI,28.85,Safe,Daily analysis: 156 posts detected.,2025-01-22
152,XCY,30.52,Suspicious,Daily analysis: 154 posts detected.,2025-01-22
153,TAO,32.74,Suspicious,Daily analysis: 168 posts detected.,2025-01-22
154,RNDR,37.42,Suspicious,Daily analysis: 163 posts detected.,2025-01-22
155,AITK,32.21,Suspicious,Daily analysis: 149 posts detected.,2025-01-23
156,NEURA,28.75,Safe,Daily analysis: 160 posts detected.,2025-01-23
157,BLOC,33.73,Suspicious,Daily analysis: 166 posts detected.,2025-01-23
158,OMNI,33.99,Suspicious,Daily analysis: 153 posts detected.,2025-01-23
159,XCY,35.62,Suspicious,Daily analysis: 160 posts detected.,2025-01-23
160,TAO,31.34,Suspicious,Daily analysis: 201 posts detected.,2025-01-23
161,RNDR,35.56,Suspicious,Daily analysis: 135 posts detected.,2025-01-23
162,AITK,31.38,Suspicious,Daily analysis: 188 posts detected.,2025-01-24
163,NEURA,38.69,Suspicious,Daily analysis: 168 posts detected.,2025-01-24
164,BLOC,35.96,Suspicious,Daily analysis: 178 posts detected.,2025-01-24
165,OMNI,32.28,Suspicious,Daily analysis: 158 posts detected.,2025-01-24
166,XCY,31.9,Suspicious,Daily analysis: 163 posts detected.,2025-01-24
167,TAO,35.71,Suspicious,Daily analysis: 168 posts detected.,2025-01-24
168,RNDR,31.33,Suspicious,Daily analysis: 150 posts detected.,2025-01-24
169,AITK,30.82,Suspicious,Daily analysis: 159 posts detected.,2025-01-25
170,NEURA,28.97,Safe,Daily analysis: 145 posts detected.,2025-01-25
171,BLOC,27.85,Safe,Daily analysis: 158 posts detected.,2025-01-25
172,OMNI,35.47,Suspicious,Daily analysis: 172 posts detected.,2025-01-25
173,XCY,36.31,Suspicious,Daily analysis: 157 posts detected.,2025-01-25
174,TAO,42.47,Suspicious,Daily analysis: 146 posts detected.,2025-01-25
175,RNDR,33.13,Suspicious,Daily analysis: 163 posts detected.,2025-01-25
176,AITK,35.57,Suspicious,Daily analysis: 149 posts detected.,2025-01-26
177,NEURA,32.53,Suspicious,Daily analysis: 166 posts detected.,2025-01-26
178,BLOC,31.97,Suspicious,Daily analysis: 147 posts detected.,2025-01-26
179,OMNI,31.55,Suspicious,Daily analysis: 168 posts detected.,2025-01-26
180,XCY,30.95,Suspicious,Daily analysis: 168 posts detected.,2025-01-26
181,TAO,38.86,Suspicious,Daily analysis: 175 posts detected.,2025-01-26
182,RNDR,38.07,Suspicious,Daily analysis: 176 posts detected.,2025-01-26
183,AITK,35.9,Suspicious,Daily analysis: 156 posts detected.,2025-01-27
184,NEURA,39.1,Suspicious,Daily analysis: 133 posts detected.,2025-01-27
185,BLOC,38.26,Suspicious,Daily analysis: 149 posts detected.,2025-01-27
186,OMNI,35.22,Suspicious,Daily analysis: 159 posts detected.,2025-01-27
187,XCY,35.54,Suspicious,Daily analysis: 166 posts detected.,2025-01-27
188,TAO,36.9,Suspicious,Daily analysis: 168 posts detected.,2025-01-27
189,RNDR,33.75,Suspicious,Daily analysis: 160 posts detected.,2025-01-27
190,AITK,37.28,Suspicious,Daily analysis: 169 posts detected.,2025-01-28
191,NEURA,34.73,Suspicious,Daily analysis: 167 posts detected.,2025-01-28
192,BLOC,34.86,Suspicious,Daily analysis: 175 posts detected.,2025-01-28
193,OMNI,29.33,Safe,Daily analysis: 150 posts detected.,2025-01-28
194,XCY,34.29,Suspicious,Daily analysis: 175 posts detected.,2025-01-28
195,TAO,30.41,Suspicious,Daily analysis: 148 posts detected.,2025-01-28
196,RNDR,37.68,Suspicious,Daily analysis: 138 posts detected.,2025-01-28
197,AITK,36.56,Suspicious,Daily analysis: 186 posts detected.,2025-01-29
198,NEURA,32.08,Suspicious,Daily analysis: 159 posts detected.,2025-01-29
199,BLOC,38.85,Suspicious,Daily analysis: 139 posts detected.,2025-01-29
200,OMNI,32.02,Suspicious,Daily analysis: 178 posts detected.,2025-01-29
201,XCY,31.87,Suspicious,Daily analysis: 160 posts detected.,2025-01-29
202,TAO,32.85,Suspicious,Daily analysis: 137 posts detected.,2025-01-29
203,RNDR,36.84,Suspicious,Daily analysis: 171 posts detected.,2025-01-29
204,AITK,40.12,Suspicious,Daily analysis: 167 posts detected.,2025-01-30
205,NEURA,34.73,Suspicious,Daily analysis: 167 posts detected.,2025-01-30
206,BLOC,42.01,Suspicious,Daily analysis: 169 posts detected.,2025-01-30
207,OMNI,36.31,Suspicious,Daily analysis: 168 posts detected.,2025-01-30
208,XCY,31.21,Suspicious,Daily analysis: 157 posts detected.,2025-01-30
209,TAO,34.0,Suspicious,Daily analysis: 150 posts detected.,2025-01-30
210,RNDR,37.33,Suspicious,Daily analysis: 150 posts detected.,2025-01-30
211,AITK,28.03,Safe,Daily analysis: 157 posts detected.,2025-01-31
212,NEURA,25.6,Safe,Daily analysis: 168 posts detected.,2025-01-31
213,BLOC,32.65,Suspicious,Daily analysis: 147 posts detected.,2025-01-31
214,OMNI,38.24,Suspicious,Daily analysis: 170 posts detected.,2025-01-31
215,XCY,35.5,Suspicious,Daily analysis: 169 posts detected.,2025-01-31
216,TAO,35.26,Suspicious,Daily analysis: 173 posts detected.,2025-01-31
217,RNDR,26.42,Safe,Daily analysis: 159 posts detected.,2025-01-31
218,AITK,36.53,Suspicious,Daily analysis: 167 posts detected.,2025-02-01
219,NEURA,33.78,Suspicious,Daily analysis: 148 posts detected.,2025-02-01
220,BLOC,33.96,Suspicious,Daily analysis: 159 posts detected.,2025-02-01
221,OMNI,36.97,Suspicious,Daily analysis: 165 posts detected.,2025-02-01
222,XCY,32.26,Suspicious,Daily analysis: 124 posts detected.,2025-02-01
223,TAO,32.3,Suspicious,Daily analysis: 161 posts detected.,2025-02-01
224,RNDR,31.95,Suspicious,Daily analysis: 169 posts detected.,2025-02-01
225,AITK,34.66,Suspicious,Daily analysis: 176 posts detected.,2025-02-02
226,NEURA,33.75,Suspicious,Daily analysis: 160 posts detected.,2025-02-02
227,BLOC,37.97,Suspicious,Daily analysis: 158 posts detected.,2025-02-02
228,OMNI,33.11,Suspicious,Daily analysis: 148 posts detected.,2025-02-02
229,XCY,35.26,Suspicious,Daily analysis: 156 posts detected.,2025-02-02
230,TAO,35.14,Suspicious,Daily analysis: 148 posts detected.,2025-02-02
231,RNDR,37.32,Suspicious,Daily analysis: 142 posts detected.,2025-02-02
232,AITK,33.54,Suspicious,Daily analysis: 158 posts detected.,2025-02-03
233,NEURA,31.54,Suspicious,Daily analysis: 149 posts detected.,2025-02-03
234,BLOC,38.3,Suspicious,Daily analysis: 141 posts detected.,2025-02-03
235,OMNI,30.29,Suspicious,Daily analysis: 175 posts detected.,2025-02-03
236,XCY,39.62,Suspicious,Daily analysis: 159 posts detected.,2025-02-03
237,TAO,31.95,Suspicious,Daily analysis: 169 posts detected.,2025-02-03
238,RNDR,33.33,Suspicious,Daily analysis: 159 posts detected.,2025-02-03
239,AITK,38.31,Suspicious,Daily analysis: 154 posts detected.,2025-02-04
240,NEURA,35.68,Suspicious,Daily analysis: 185 posts detected.,2025-02-04
241,BLOC,33.93,Suspicious,Daily analysis: 168 posts detected.,2025-02-04
242,OMNI,34.59,Suspicious,Daily analysis: 159 posts detected.,2025-02-04
243,XCY,28.74,Safe,Daily analysis: 174 posts detected.,2025-02-04
244,TAO,41.94,Suspicious,Daily analysis: 155 posts detected.,2025-02-04
245,RNDR,34.15,Suspicious,Daily analysis: 164 posts detected.,2025-02-04
246,AITK,40.38,Suspicious,Daily analysis: 156 posts detected.,2025-02-05
247,NEURA,30.63,Suspicious,Daily analysis: 160 posts detected.,2025-02-05
248,BLOC,34.38,Suspicious,Daily analysis: 160 posts detected.,2025-02-05
249,OMNI,37.95,Suspicious,Daily analysis: 166 posts detected.,2025-02-05
250,XCY,34.25,Suspicious,Daily analysis: 146 posts detected.,2025-02-05
251,TAO,29.27,Safe,Daily analysis: 164 posts detected.,2025-02-05
252,RNDR,33.79,Suspicious,Daily analysis: 145 posts detected.,2025-02-05
253,AITK,34.41,Suspicious,Daily analysis: 186 posts detected.,2025-02-06
254,NEURA,32.0,Suspicious,Daily analysis: 150 posts detected.,2025-02-06
255,BLOC,32.39,Suspicious,Daily analysis: 142 posts detected.,2025-02-06
256,OMNI,35.92,Suspicious,Daily analysis: 142 posts detected.,2025-02-06
257,XCY,41.45,Suspicious,Daily analysis: 152 posts detected.,2025-02-06
258,TAO,32.54,Suspicious,Daily analysis: 169 posts detected.,2025-02-06
259,RNDR,30.86,Suspicious,Daily analysis: 162 posts detected.,2025-02-06
260,AITK,27.04,Safe,Daily analysis: 159 posts detected.,2025-02-07
261,NEURA,32.52,Suspicious,Daily analysis: 163 posts detected.,2025-02-07
262,BLOC,34.36,Suspicious,Daily analysis: 163 posts detected.,2025-02-07
263,OMNI,37.01,Suspicious,Daily analysis: 154 posts detected.,2025-02-07
264,XCY,31.45,Suspicious,Daily analysis: 159 posts detected.,2025-02-07
265,TAO,41.01,Suspicious,Daily analysis: 178 posts detected.,2025-02-07
266,RNDR,33.33,Suspicious,Daily analysis: 123 posts detected.,2025-02-07
267,AITK,38.56,Suspicious,Daily analysis: 153 posts detected.,2025-02-08
268,NEURA,29.38,Safe,Daily analysis: 160 posts detected.,2025-02-08
269,BLOC,40.26,Suspicious,Daily analysis: 154 posts detected.,2025-02-08
270,OMNI,29.61,Safe,Daily analysis: 152 posts detected.,2025-02-08
271,XCY,36.08,Suspicious,Daily analysis: 158 posts detected.,2025-02-08
272,TAO,35.14,Suspicious,Daily analysis: 148 posts detected.,2025-02-08
273,RNDR,32.52,Suspicious,Daily analysis: 163 posts detected.,2025-02-08
274,AITK,35.0,Suspicious,Daily analysis: 160 posts detected.,2025-02-09
275,NEURA,36.67,Suspicious,Daily analysis: 150 posts detected.,2025-02-09
276,BLOC,36.62,Suspicious,Daily analysis: 142 posts detected.,2025-02-09
277,OMNI,28.93,Safe,Daily analysis: 159 posts detected.,2025-02-09
278,XCY,32.28,Suspicious,Daily analysis: 127 posts detected.,2025-02-09
279,TAO,32.75,Suspicious,Daily analysis: 171 posts detected.,2025-02-09
280,RNDR,36.97,Suspicious,Daily analysis: 165 posts detected.,2025-02-09
281,AITK,31.88,Suspicious,Daily analysis: 138 posts detected.,2025-02-10
282,NEURA,36.31,Suspicious,Daily analysis: 157 posts detected.,2025-02-10
283,BLOC,33.12,Suspicious,Daily analysis: 154 posts detected.,2025-02-10
284,OMNI,43.54,Suspicious,Daily analysis: 147 posts detected.,2025-02-10
285,XCY,35.8,Suspicious,Daily analysis: 162 posts detected.,2025-02-10
286,TAO,34.69,Suspicious,Daily analysis: 147 posts detected.,2025-02-10
287,RNDR,32.72,Suspicious,Daily analysis: 162 posts detected.,2025-02-10
288,AITK,27.84,Safe,Daily analysis: 176 posts detected.,2025-02-11
289,NEURA,27.22,Safe,Daily analysis: 158 posts detected.,2025-02-11
290,BLOC,36.42,Suspicious,Daily analysis: 173 posts detected.,2025-02-11
291,OMNI,35.85,Suspicious,Daily analysis: 159 posts detected.,2025-02-11
292,XCY,30.49,Suspicious,Daily analysis: 164 posts detected.,2025-02-11
293,TAO,37.93,Suspicious,Daily analysis: 145 posts detected.,2025-02-11
294,RNDR,33.76,Suspicious,Daily analysis: 157 posts detected.,2025-02-11
295,AITK,34.42,Suspicious,Daily analysis: 154 posts detected.,2025-02-12
296,NEURA,26.88,Safe,Daily analysis: 160 posts detected.,2025-02-12
297,BLOC,33.55,Suspicious,Daily analysis: 155 posts detected.,2025-02-12
298,OMNI,35.62,Suspicious,Daily analysis: 146 posts detected.,2025-02-12
299,XCY,37.34,Suspicious,Daily analysis: 158 posts detected.,2025-02-12
300,TAO,34.94,Suspicious,Daily analysis: 166 posts detected.,2025-02-12
301,RNDR,37.95,Suspicious,Daily analysis: 166 posts detected.,2025-02-12
302,AITK,32.09,Suspicious,Daily analysis: 134 posts detected.,2025-02-13
303,NEURA,43.1,Suspicious,Daily analysis: 174 posts detected.,2025-02-13
304,BLOC,35.71,Suspicious,Daily analysis: 140 posts detected.,2025-02-13
305,OMNI,32.21,Suspicious,Daily analysis: 149 posts detected.,2025-02-13
306,XCY,34.16,Suspicious,Daily analysis: 161 posts detected.,2025-02-13
307,TAO,35.36,Suspicious,Daily analysis: 181 posts detected.,2025-02-13
308,RNDR,34.76,Suspicious,Daily analysis: 164 posts detected.,2025-02-13
309,AITK,38.82,Suspicious,Daily analysis: 152 posts detected.,2025-02-14
310,NEURA,38.1,Suspicious,Daily analysis: 168 posts detected.,2025-02-14
311,BLOC,36.47,Suspicious,Daily analysis: 170 posts detected.,2025-02-14
312,OMNI,35.14,Suspicious,Daily analysis: 148 posts detected.,2025-02-14
313,XCY,30.2,Suspicious,Daily analysis: 149 posts detected.,2025-02-14
314,TAO,35.0,Suspicious,Daily analysis: 160 posts detected.,2025-02-14
315,RNDR,33.33,Suspicious,Daily analysis: 195 posts detected.,2025-02-14
316,AITK,32.92,Suspicious,Daily analysis: 161 posts detected.,2025-02-15
317,NEURA,31.58,Suspicious,Daily analysis: 171 posts detected.,2025-02-15
318,BLOC,35.37,Suspicious,Daily analysis: 147 posts detected.,2025-02-15
319,OMNI,35.33,Suspicious,Daily analysis: 150 posts detected.,2025-02-15
320,XCY,34.62,Suspicious,Daily analysis: 156 posts detected.,2025-02-15
321,TAO,36.13,Suspicious,Daily analysis: 155 posts detected.,2025-02-15
322,RNDR,37.01,Suspicious,Daily analysis: 154 posts detected.,2025-02-15
323,AITK,29.11,Safe,Daily analysis: 158 posts detected.,2025-02-16
324,NEURA,34.23,Suspicious,Daily analysis: 149 posts detected.,2025-02-16
325,BLOC,32.03,Suspicious,Daily analysis: 153 posts detected.,2025-02-16
326,OMNI,34.39,Suspicious,Daily analysis: 157 posts detected.,2025-02-16
327,XCY,33.58,Suspicious,Daily analysis: 137 posts detected.,2025-02-16
328,TAO,35.47,Suspicious,Daily analysis: 172 posts detected.,2025-02-16
329,RNDR,29.75,Safe,Daily analysis: 158 posts detected.,2025-02-16
330,AITK,32.57,Suspicious,Daily analysis: 175 posts detected.,2025-02-17
331,NEURA,33.33,Suspicious,Daily analysis: 165 posts detected.,2025-02-17
332,BLOC,36.94,Suspicious,Daily analysis: 157 posts detected.,2025-02-17
333,OMNI,31.65,Suspicious,Daily analysis: 158 posts detected.,2025-02-17
334,XCY,37.97,Suspicious,Daily analysis: 158 posts detected.,2025-02-17
335,TAO,35.85,Suspicious,Daily analysis: 159 posts detected.,2025-02-17
336,RNDR,36.97,Suspicious,Daily analysis: 165 posts detected.,2025-02-17
337,AITK,33.33,Suspicious,Daily analysis: 153 posts detected.,2025-02-18
338,NEURA,37.74,Suspicious,Daily analysis: 159 posts detected.,2025-02-18
339,BLOC,37.16,Suspicious,Daily analysis: 148 posts detected.,2025-02-18
340,OMNI,40.67,Suspicious,Daily analysis: 150 posts detected.,2025-02-18
341,XCY,29.88,Safe,Daily analysis: 164 posts detected.,2025-02-18
342,TAO,37.64,Suspicious,Daily analysis: 178 posts detected.,2025-02-18
343,RNDR,29.14,Safe,Daily analysis: 175 posts detected.,2025-02-18
344,AITK,36.65,Suspicious,Daily analysis: 161 posts detected.,2025-02-19
345,NEURA,36.55,Suspicious,Daily analysis: 145 posts detected.,2025-02-19
346,BLOC,33.13,Suspicious,Daily analysis: 163 posts detected.,2025-02-19
347,OMNI,29.01,Safe,Daily analysis: 162 posts detected.,2025-02-19
348,XCY,34.75,Suspicious,Daily analysis: 141 posts detected.,2025-02-19
349,TAO,30.63,Suspicious,Daily analysis: 160 posts detected.,2025-02-19
350,RNDR,34.39,Suspicious,Daily analysis: 157 posts detected.,2025-02-19
351,AITK,32.32,Suspicious,Daily analysis: 164 posts detected.,2025-02-20
352,NEURA,34.72,Suspicious,Daily analysis: 144 posts detected.,2025-02-20
353,BLOC,33.12,Suspicious,Daily analysis: 157 posts detected.,2025-02-20
354,OMNI,33.14,Suspicious,Daily analysis: 169 posts detected.,2025-02-20
355,XCY,28.16,Safe,Daily analysis: 174 posts detected.,2025-02-20
356,TAO,35.75,Suspicious,Daily analysis: 179 posts detected.,2025-02-20
357,RNDR,33.33,Suspicious,Daily analysis: 156 posts detected.,2025-02-20
358,AITK,30.87,Suspicious,Daily analysis: 149 posts detected.,2025-02-21
359,NEURA,36.13,Suspicious,Daily analysis: 155 posts detected.,2025-02-21
360,BLOC,36.75,Suspicious,Daily analysis: 166 posts detected.,2025-02-21
361,OMNI,42.47,Suspicious,Daily analysis: 146 posts detected.,2025-02-21
362,XCY,38.5,Suspicious,Daily analysis: 187 posts detected.,2025-02-21
363,TAO,33.56,Suspicious,Daily analysis: 149 posts detected.,2025-02-21
364,RNDR,40.0,Suspicious,Daily analysis: 175 posts detected.,2025-02-21
365,AITK,29.29,Safe,Daily analysis: 140 posts detected.,2025-02-22
366,NEURA,33.33,Suspicious,Daily analysis: 162 posts detected.,2025-02-22
367,BLOC,44.85,Suspicious,Daily analysis: 165 posts detected.,2025-02-22
368,OMNI,32.61,Suspicious,Daily analysis: 138 posts detected.,2025-02-22
369,XCY,39.1,Suspicious,Daily analysis: 133 posts detected.,2025-02-22
370,TAO,32.54,Suspicious,Daily analysis: 169 posts detected.,2025-02-22
371,RNDR,33.78,Suspicious,Daily analysis: 148 posts detected.,2025-02-22
372,AITK,36.0,Suspicious,Daily analysis: 150 posts detected.,2025-02-23
373,NEURA,39.38,Suspicious,Daily analysis: 160 posts detected.,2025-02-23
374,BLOC,31.82,Suspicious,Daily analysis: 154 posts detected.,2025-02-23
375,OMNI,33.58,Suspicious,Daily analysis: 137 posts detected.,2025-02-23
376,XCY,34.12,Suspicious,Daily analysis: 170 posts detected.,2025-02-23
377,TAO,27.46,Safe,Daily analysis: 142 posts detected.,2025-02-23
378,RNDR,27.98,Safe,Daily analysis: 168 posts detected.,2025-02-23
379,AITK,33.33,Suspicious,Daily analysis: 156 posts detected.,2025-02-24
380,NEURA,34.93,Suspicious,Daily analysis: 146 posts detected.,2025-02-24
381,BLOC,31.93,Suspicious,Daily analysis: 166 posts detected.,2025-02-24
382,OMNI,37.66,Suspicious,Daily analysis: 154 posts detected.,2025-02-24
383,XCY,32.7,Suspicious,Daily analysis: 159 posts detected.,2025-02-24
384,TAO,32.53,Suspicious,Daily analysis: 166 posts detected.,2025-02-24
385,RNDR,24.71,Safe,Daily analysis: 174 posts detected.,2025-02-24
386,AITK,33.54,Suspicious,Daily analysis: 164 posts detected.,2025-02-25
387,NEURA,36.31,Suspicious,Daily analysis: 157 posts detected.,2025-02-25
388,BLOC,31.71,Suspicious,Daily analysis: 164 posts detected.,2025-02-25
389,OMNI,32.9,Suspicious,Daily analysis: 155 posts detected.,2025-02-25
390,XCY,36.94,Suspicious,Daily analysis: 157 posts detected.,2025-02-25
391,TAO,36.42,Suspicious,Daily analysis: 151 posts detected.,2025-02-25
392,RNDR,29.56,Safe,Daily analysis: 159 posts detected.,2025-02-25
393,AITK,34.16,Suspicious,Daily analysis: 161 posts detected.,2025-02-26
394,NEURA,31.85,Suspicious,Daily analysis: 157 posts detected.,2025-02-26
395,BLOC,36.36,Suspicious,Daily analysis: 176 posts detected.,2025-02-26
396,OMNI,30.41,Suspicious,Daily analysis: 148 posts detected.,2025-02-26
397,XCY,33.11,Suspicious,Daily analysis: 148 posts detected.,2025-02-26
398,TAO,31.55,Suspicious,Daily analysis: 168 posts detected.,2025-02-26
399,RNDR,37.89,Suspicious,Daily analysis: 161 posts detected.,2025-02-26
400,AITK,27.44,Safe,Daily analysis: 164 posts detected.,2025-02-27
401,NEURA,33.78,Suspicious,Daily analysis: 148 posts detected.,2025-02-27
402,BLOC,35.43,Suspicious,Daily analysis: 175 posts detected.,2025-02-27
403,OMNI,32.95,Suspicious,Daily analysis: 176 posts detected.,2025-02-27
404,XCY,31.61,Suspicious,Daily analysis: 155 posts detected.,2025-02-27
405,TAO,44.17,Suspicious,Daily analysis: 163 posts detected.,2025-02-27
406,RNDR,35.37,Suspicious,Daily analysis: 164 posts detected.,2025-02-27
407,AITK,32.0,Suspicious,Daily analysis: 150 posts detected.,2025-02-28
408,NEURA,29.07,Safe,Daily analysis: 172 posts detected.,2025-02-28
409,BLOC,38.56,Suspicious,Daily analysis: 153 posts detected.,2025-02-28
410,OMNI,33.99,Suspicious,Daily analysis: 153 posts detected.,2025-02-28
411,XCY,44.08,Suspicious,Daily analysis: 152 posts detected.,2025-02-28
412,TAO,29.38,Safe,Daily analysis: 160 posts detected.,2025-02-28
413,RNDR,27.22,Safe,Daily analysis: 169 posts detected.,2025-02-28
414,AITK,34.05,Suspicious,Daily analysis: 185 posts detected.,2025-03-01
415,NEURA,36.81,Suspicious,Daily analysis: 163 posts detected.,2025-03-01
416,BLOC,35.98,Suspicious,Daily analysis: 164 posts detected.,2025-03-01
417,OMNI,35.8,Suspicious,Daily analysis: 176 posts detected.,2025-03-01
418,XCY,31.58,Suspicious,Daily analysis: 152 posts detected.,2025-03-01
419,TAO,28.35,Safe,Daily analysis: 194 posts detected.,2025-03-01
420,RNDR,29.19,Safe,Daily analysis: 161 posts detected.,2025-03-01
421,AITK,38.82,Suspicious,Daily analysis: 152 posts detected.,2025-03-02
422,NEURA,41.77,Suspicious,Daily analysis: 158 posts detected.,2025-03-02
423,BLOC,29.83,Safe,Daily analysis: 181 posts detected.,2025-03-02
424,OMNI,35.0,Suspicious,Daily analysis: 160 posts detected.,2025-03-02
425,XCY,31.94,Suspicious,Daily analysis: 144 posts detected.,2025-03-02
426,TAO,32.57,Suspicious,Daily analysis: 175 posts detected.,2025-03-02
427,RNDR,30.23,Suspicious,Daily analysis: 172 posts detected.,2025-03-02
428,AITK,28.16,Safe,Daily analysis: 174 posts detected.,2025-03-03
429,NEURA,31.51,Suspicious,Daily analysis: 146 posts detected.,2025-03-03
430,BLOC,28.28,Safe,Daily analysis: 145 posts detected.,2025-03-03
431,OMNI,30.26,Suspicious,Daily analysis: 152 posts detected.,2025-03-03
432,XCY,36.6,Suspicious,Daily analysis: 153 posts detected.,2025-03-03
433,TAO,32.93,Suspicious,Daily analysis: 164 posts detected.,2025-03-03
434,RNDR,32.52,Suspicious,Daily analysis: 163 posts detected.,2025-03-03
435,AITK,31.58,Suspicious,Daily analysis: 171 posts detected.,2025-03-04
436,NEURA,38.31,Suspicious,Daily analysis: 154 posts detected.,2025-03-04
437,BLOC,37.67,Suspicious,Daily analysis: 146 posts detected.,2025-03-04
438,OMNI,34.32,Suspicious,Daily analysis: 169 posts detected.,2025-03-04
439,XCY,36.67,Suspicious,Daily analysis: 180 posts detected.,2025-03-04
440,TAO,38.73,Suspicious,Daily analysis: 173 posts detected.,2025-03-04
441,RNDR,33.1,Suspicious,Daily analysis: 145 posts detected.,2025-03-04
442,AITK,33.99,Suspicious,Daily analysis: 153 posts detected.,2025-03-05
443,NEURA,41.43,Suspicious,Daily analysis: 140 posts detected.,2025-03-05
444,BLOC,34.07,Suspicious,Daily analysis: 135 posts detected.,2025-03-05
445,OMNI,33.54,Suspicious,Daily analysis: 161 posts detected.,2025-03-05
446,XCY,33.52,Suspicious,Daily analysis: 179 posts detected.,2025-03-05
447,TAO,32.09,Suspicious,Daily analysis: 134 posts detected.,2025-03-05
448,RNDR,30.28,Suspicious,Daily analysis: 142 posts detected.,2025-03-05
449,AITK,33.96,Suspicious,Daily analysis: 159 posts detected.,2025-03-06
450,NEURA,28.57,Safe,Daily analysis: 154 posts detected.,2025-03-06
451,BLOC,29.82,Safe,Daily analysis: 171 posts detected.,2025-03-06
452,OMNI,39.13,Suspicious,Daily analysis: 161 posts detected.,2025-03-06
453,XCY,32.72,Suspicious,Daily analysis: 162 posts detected.,2025-03-06
454,TAO,33.33,Suspicious,Daily analysis: 153 posts detected.,2025-03-06
455,RNDR,33.33,Suspicious,Daily analysis: 168 posts detected.,2025-03-06
456,AITK,31.48,Suspicious,Daily analysis: 162 posts detected.,2025-03-07
457,NEURA,38.12,Suspicious,Daily analysis: 160 posts detected.,2025-03-07
458,BLOC,31.74,Suspicious,Daily analysis: 167 posts detected.,2025-03-07
459,OMNI,33.85,Suspicious,Daily analysis: 130 posts detected.,2025-03-07
460,XCY,24.68,Safe,Daily analysis: 154 posts detected.,2025-03-07
461,TAO,33.56,Suspicious,Daily analysis: 149 posts detected.,2025-03-07
462,RNDR,36.77,Suspicious,Daily analysis: 155 posts detected.,2025-03-07
463,AITK,38.61,Suspicious,Daily analysis: 158 posts detected.,2025-03-08
464,NEURA,28.32,Safe,Daily analysis: 173 posts detected.,2025-03-08
465,BLOC,38.51,Suspicious,Daily analysis: 174 posts detected.,2025-03-08
466,OMNI,34.19,Suspicious,Daily analysis: 155 posts detected.,2025-03-08
467,XCY,34.24,Suspicious,Daily analysis: 184 posts detected.,2025-03-08
468,TAO,34.53,Suspicious,Daily analysis: 139 posts detected.,2025-03-08
469,RNDR,33.13,Suspicious,Daily analysis: 166 posts detected.,2025-03-08
470,AITK,28.95,Safe,Daily analysis: 152 posts detected.,2025-03-09
471,NEURA,43.29,Suspicious,Daily analysis: 164 posts detected.,2025-03-09
472,BLOC,36.65,Suspicious,Daily analysis: 161 posts detected.,2025-03-09
473,OMNI,37.34,Suspicious,Daily analysis: 158 posts detected.,2025-03-09
474,XCY,28.66,Safe,Daily analysis: 164 posts detected.,2025-03-09
475,TAO,28.95,Safe,Daily analysis: 152 posts detected.,2025-03-09
476,RNDR,33.96,Suspicious,Daily analysis: 159 posts detected.,2025-03-09
477,AITK,30.41,Suspicious,Daily analysis: 171 posts detected.,2025-03-10
478,NEURA,38.89,Suspicious,Daily analysis: 144 posts detected.,2025-03-10
479,BLOC,34.01,Suspicious,Daily analysis: 147 posts detected.,2025-03-10
480,OMNI,36.3,Suspicious,Daily analysis: 146 posts detected.,2025-03-10
481,XCY,30.19,Suspicious,Daily analysis: 159 posts detected.,2025-03-10
482,TAO,25.83,Safe,Daily analysis: 151 posts detected.,2025-03-10
483,RNDR,35.1,Suspicious,Daily analysis: 151 posts detected.,2025-03-10
484,AITK,35.47,Suspicious,Daily analysis: 172 posts detected.,2025-03-11
485,NEURA,39.16,Suspicious,Daily analysis: 143 posts detected.,2025-03-11
486,BLOC,37.13,Suspicious,Daily analysis: 167 posts detected.,2025-03-11
487,OMNI,28.29,Safe,Daily analysis: 152 posts detected.,2025-03-11
488,XCY,33.73,Suspicious,Daily analysis: 169 posts detected.,2025-03-11
489,TAO,32.35,Suspicious,Daily analysis: 170 posts detected.,2025-03-11
490,RNDR,28.96,Safe,Daily analysis: 183 posts detected.,2025-03-11
491,AITK,34.69,Suspicious,Daily analysis: 147 posts detected.,2025-03-12
492,NEURA,27.21,Safe,Daily analysis: 147 posts detected.,2025-03-12
493,BLOC,35.21,Suspicious,Daily analysis: 142 posts detected.,2025-03-12
494,OMNI,33.11,Suspicious,Daily analysis: 151 posts detected.,2025-03-12
495,XCY,40.69,Suspicious,Daily analysis: 145 posts detected.,2025-03-12
496,TAO,40.52,Suspicious,Daily analysis: 153 posts detected.,2025-03-12
497,RNDR,32.37,Suspicious,Daily analysis: 139 posts detected.,2025-03-12
498,AITK,33.33,Suspicious,Daily analysis: 147 posts detected.,2025-03-13
499,NEURA,29.53,Safe,Daily analysis: 149 posts detected.,2025-03-13
500,BLOC,35.33,Suspicious,Daily analysis: 150 posts detected.,2025-03-13
501,OMNI,23.03,Safe,Daily analysis: 152 posts detected.,2025-03-13
502,XCY,28.31,Safe,Daily analysis: 166 posts detected.,2025-03-13
503,TAO,34.87,Suspicious,Daily analysis: 152 posts detected.,2025-03-13
504,RNDR,33.74,Suspicious,Daily analysis: 163 posts detected.,2025-03-13
505,AITK,34.32,Suspicious,Daily analysis: 169 posts detected.,2025-03-14
506,NEURA,32.12,Suspicious,Daily analysis: 165 posts detected.,2025-03-14
507,BLOC,33.55,Suspicious,Daily analysis: 155 posts detected.,2025-03-14
508,OMNI,31.58,Suspicious,Daily analysis: 152 posts detected.,2025-03-14
509,XCY,38.85,Suspicious,Daily analysis: 157 posts detected.,2025-03-14
510,TAO,35.4,Suspicious,Daily analysis: 161 posts detected.,2025-03-14
511,RNDR,39.46,Suspicious,Daily analysis: 147 posts detected.,2025-03-14
512,AITK,30.56,Suspicious,Daily analysis: 144 posts detected.,2025-03-15
513,NEURA,29.45,Safe,Daily analysis: 146 posts detected.,2025-03-15
514,BLOC,30.72,Suspicious,Daily analysis: 166 posts detected.,2025-03-15
515,OMNI,41.1,Suspicious,Daily analysis: 146 posts detected.,2025-03-15
516,XCY,40.94,Suspicious,Daily analysis: 171 posts detected.,2025-03-15
517,TAO,25.48,Safe,Daily analysis: 157 posts detected.,2025-03-15
518,RNDR,33.33,Suspicious,Daily analysis: 135 posts detected.,2025-03-15
519,AITK,31.68,Suspicious,Daily analysis: 161 posts detected.,2025-03-16
520,NEURA,35.97,Suspicious,Daily analysis: 139 posts detected.,2025-03-16
521,BLOC,36.24,Suspicious,Daily analysis: 149 posts detected.,2025-03-16
522,OMNI,33.09,Suspicious,Daily analysis: 139 posts detected.,2025-03-16
523,XCY,33.77,Suspicious,Daily analysis: 151 posts detected.,2025-03-16
524,TAO,42.34,Suspicious,Daily analysis: 137 posts detected.,2025-03-16
525,RNDR,41.5,Suspicious,Daily analysis: 147 posts detected.,2025-03-16
526,AITK,38.93,Suspicious,Daily analysis: 149 posts detected.,2025-03-17
527,NEURA,33.11,Suspicious,Daily analysis: 148 posts detected.,2025-03-17
528,BLOC,37.24,Suspicious,Daily analysis: 145 posts detected.,2025-03-17
529,OMNI,33.33,Suspicious,Daily analysis: 150 posts detected.,2025-03-17
530,XCY,31.25,Suspicious,Daily analysis: 144 posts detected.,2025-03-17
531,TAO,30.66,Suspicious,Daily analysis: 137 posts detected.,2025-03-17
532,RNDR,30.52,Suspicious,Daily analysis: 154 posts detected.,2025-03-17
533,AITK,35.26,Suspicious,Daily analysis: 156 posts detected.,2025-03-18
534,NEURA,31.82,Suspicious,Daily analysis: 154 posts detected.,2025-03-18
535,BLOC,35.29,Suspicious,Daily analysis: 170 posts detected.,2025-03-18
536,OMNI,36.17,Suspicious,Daily analysis: 188 posts detected.,2025-03-18
537,XCY,32.24,Suspicious,Daily analysis: 152 posts detected.,2025-03-18
538,TAO,27.63,Safe,Daily analysis: 152 posts detected.,2025-03-18
539,RNDR,31.17,Suspicious,Daily analysis: 154 posts detected.,2025-03-18
540,AITK,33.33,Suspicious,Daily analysis: 144 posts detected.,2025-03-19
541,NEURA,34.97,Suspicious,Daily analysis: 163 posts detected.,2025-03-19
542,BLOC,31.61,Suspicious,Daily analysis: 155 posts detected.,2025-03-19
543,OMNI,32.35,Suspicious,Daily analysis: 136 posts detected.,2025-03-19
544,XCY,40.0,Suspicious,Daily analysis: 170 posts detected.,2025-03-19
545,TAO,32.48,Suspicious,Daily analysis: 157 posts detected.,2025-03-19
546,RNDR,36.02,Suspicious,Daily analysis: 161 posts detected.,2025-03-19
547,AITK,31.11,Suspicious,Daily analysis: 135 posts detected.,2025-03-20
548,NEURA,32.95,Suspicious,Daily analysis: 176 posts detected.,2025-03-20
549,BLOC,30.49,Suspicious,Daily analysis: 164 posts detected.,2025-03-20
550,OMNI,36.88,Suspicious,Daily analysis: 160 posts detected.,2025-03-20
551,XCY,34.64,Suspicious,Daily analysis: 153 posts detected.,2025-03-20
552,TAO,40.13,Suspicious,Daily analysis: 152 posts detected.,2025-03-20
553,RNDR,32.93,Suspicious,Daily analysis: 164 posts detected.,2025-03-20
554,AITK,31.47,Suspicious,Daily analysis: 143 posts detected.,2025-03-21
555,NEURA,33.33,Suspicious,Daily analysis: 144 posts detected.,2025-03-21
556,BLOC,35.75,Suspicious,Daily analysis: 179 posts detected.,2025-03-21
557,OMNI,32.21,Suspicious,Daily analysis: 149 posts detected.,2025-03-21
558,XCY,31.29,Suspicious,Daily analysis: 163 posts detected.,2025-03-21
559,TAO,34.91,Suspicious,Daily analysis: 169 posts detected.,2025-03-21
560,RNDR,40.13,Suspicious,Daily analysis: 157 posts detected.,2025-03-21
561,AITK,27.63,Safe,Daily analysis: 152 posts detected.,2025-03-22
562,NEURA,34.0,Suspicious,Daily analysis: 150 posts detected.,2025-03-22
563,BLOC,35.54,Suspicious,Daily analysis: 166 posts detected.,2025-03-22
564,OMNI,27.22,Safe,Daily analysis: 158 posts detected.,2025-03-22
565,XCY,27.86,Safe,Daily analysis: 140 posts detected.,2025-03-22
566,TAO,34.38,Suspicious,Daily analysis: 160 posts detected.,2025-03-22
567,RNDR,34.3,Suspicious,Daily analysis: 172 posts detected.,2025-03-22
568,AITK,28.9,Safe,Daily analysis: 173 posts detected.,2025-03-23
569,NEURA,31.07,Suspicious,Daily analysis: 177 posts detected.,2025-03-23
570,BLOC,29.49,Safe,Daily analysis: 156 posts detected.,2025-03-23
571,OMNI,27.75,Safe,Daily analysis: 173 posts detected.,2025-03-23
572,XCY,32.12,Suspicious,Daily analysis: 165 posts detected.,2025-03-23
573,TAO,40.27,Suspicious,Daily analysis: 149 posts detected.,2025-03-23
574,RNDR,37.43,Suspicious,Daily analysis: 171 posts detected.,2025-03-23
575,AITK,26.67,Safe,Daily analysis: 165 posts detected.,2025-03-24
576,NEURA,31.61,Suspicious,Daily analysis: 155 posts detected.,2025-03-24
577,BLOC,36.05,Suspicious,Daily analysis: 172 posts detected.,2025-03-24
578,OMNI,36.65,Suspicious,Daily analysis: 161 posts detected.,2025-03-24
579,XCY,34.38,Suspicious,Daily analysis: 192 posts detected.,2025-03-24
580,TAO,35.46,Suspicious,Daily analysis: 141 posts detected.,2025-03-24
581,RNDR,36.77,Suspicious,Daily analysis: 155 posts detected.,2025-03-24
582,AITK,32.52,Suspicious,Daily analysis: 163 posts detected.,2025-03-25
583,NEURA,29.68,Safe,Daily analysis: 155 posts detected.,2025-03-25
584,BLOC,31.17,Suspicious,Daily analysis: 154 posts detected.,2025-03-25
585,OMNI,34.67,Suspicious,Daily analysis: 150 posts detected.,2025-03-25
586,XCY,36.36,Suspicious,Daily analysis: 165 posts detected.,2025-03-25
587,TAO,37.82,Suspicious,Daily analysis: 156 posts detected.,2025-03-25
588,RNDR,38.56,Suspicious,Daily analysis: 153 posts detected.,2025-03-25
589,AITK,33.55,Suspicious,Daily analysis: 155 posts detected.,2025-03-26
590,NEURA,31.55,Suspicious,Daily analysis: 168 posts detected.,2025-03-26
591,BLOC,31.01,Suspicious,Daily analysis: 158 posts detected.,2025-03-26
592,OMNI,31.21,Suspicious,Daily analysis: 157 posts detected.,2025-03-26
593,XCY,36.07,Suspicious,Daily analysis: 183 posts detected.,2025-03-26
594,TAO,34.42,Suspicious,Daily analysis: 154 posts detected.,2025-03-26
595,RNDR,32.33,Suspicious,Daily analysis: 133 posts detected.,2025-03-26
596,AITK,29.75,Safe,Daily analysis: 158 posts detected.,2025-03-27
597,NEURA,35.39,Suspicious,Daily analysis: 178 posts detected.,2025-03-27
598,BLOC,33.53,Suspicious,Daily analysis: 173 posts detected.,2025-03-27
599,OMNI,34.38,Suspicious,Daily analysis: 160 posts detected.,2025-03-27
600,XCY,36.81,Suspicious,Daily analysis: 163 posts detected.,2025-03-27
601,TAO,28.96,Safe,Daily analysis: 183 posts detected.,2025-03-27
602,RNDR,35.0,Suspicious,Daily analysis: 160 posts detected.,2025-03-27
603,AITK,30.2,Suspicious,Daily analysis: 149 posts detected.,2025-03-28
604,NEURA,31.95,Suspicious,Daily analysis: 169 posts detected.,2025-03-28
605,BLOC,35.26,Suspicious,Daily analysis: 156 posts detected.,2025-03-28
606,OMNI,37.1,Suspicious,Daily analysis: 186 posts detected.,2025-03-28
607,XCY,36.68,Suspicious,Daily analysis: 199 posts detected.,2025-03-28
608,TAO,33.33,Suspicious,Daily analysis: 156 posts detected.,2025-03-28
609,RNDR,32.35,Suspicious,Daily analysis: 170 posts detected.,2025-03-28
610,AITK,35.5,Suspicious,Daily analysis: 169 posts detected.,2025-03-29
611,NEURA,35.22,Suspicious,Daily analysis: 159 posts detected.,2025-03-29
612,BLOC,29.52,Safe,Daily analysis: 166 posts detected.,2025-03-29
613,OMNI,29.63,Safe,Daily analysis: 135 posts detected.,2025-03-29
614,XCY,32.08,Suspicious,Daily analysis: 159 posts detected.,2025-03-29
615,TAO,36.0,Suspicious,Daily analysis: 150 posts detected.,2025-03-29
616,RNDR,30.41,Suspicious,Daily analysis: 148 posts detected.,2025-03-29
617,AITK,36.65,Suspicious,Daily analysis: 161 posts detected.,2025-03-30
618,NEURA,32.28,Suspicious,Daily analysis: 158 posts detected.,2025-03-30
619,BLOC,38.51,Suspicious,Daily analysis: 148 posts detected.,2025-03-30
620,OMNI,31.21,Suspicious,Daily analysis: 157 posts detected.,2025-03-30
621,XCY,37.58,Suspicious,Daily analysis: 149 posts detected.,2025-03-30
622,TAO,43.15,Suspicious,Daily analysis: 146 posts detected.,2025-03-30
623,RNDR,31.33,Suspicious,Daily analysis: 166 posts detected.,2025-03-30
624,AITK,33.1,Suspicious,Daily analysis: 145 posts detected.,2025-03-31
625,NEURA,28.99,Safe,Daily analysis: 169 posts detected.,2025-03-31
626,BLOC,32.79,Suspicious,Daily analysis: 183 posts detected.,2025-03-31
627,OMNI,34.88,Suspicious,Daily analysis: 129 posts detected.,2025-03-31
628,XCY,29.63,Safe,Daily analysis: 162 posts detected.,2025-03-31
629,TAO,33.33,Suspicious,Daily analysis: 156 posts detected.,2025-03-31
630,RNDR,35.66,Suspicious,Daily analysis: 129 posts detected.,2025-03-31
